Workbook
Name alpha: 'Test environment'!$I$6:$I$8
Name Brosers: 'Test environment'!$C$6:$C$10
Name Browser: 'Test environment'!$C$6:$C$7
Name Browsers: 'Test environment'!$C$9:$C$16
Name Languages: 'Test environment'!$B$6:$B$15
Name Lead: 'Test environment'!$H$6:$H$8
Name list: 'Test environment'!#REF!
Name OS: 'Test environment'!$A$6:$A$15
Name PL: 'Test environment'!$F$6:$F$19
Name PM: 'Test environment'!$E$6:$E$12
Name PMs: 'Test environment'!$E$6:$E$9
Name Status: 'Test environment'!$D$6:$D$10
Name Tester: 'Test environment'!$G$6:$G$14
Name TestStatus: 'Test environment'!$D$6:$D$9
Name TS: 'Test environment'!$D$6:$D$9
Name Tst: 'Test result'!$H$11:$Z$14

Sheet RH
D2: Work Product Revision History*
B4: SL # | D4: Version # | E4: Details of Change | F4: Reason for Change | G4: Prepared by | H4: Reviewed by | I4: Approved by
C5: Date
B6: 1 | C6: 46189 | D6: 0.1 | E6: Draft unit test case | F6: Draft test case | G6: Hariharan | H6: Manoj
B7: 2 | C7: 46191 | D7: 1 | E7: Final Test case | F7: Final | G7: Hariharan | H7: Manoj | I7: Sriram
B11: * PM Should update the revision history, whenever there is a change in the scope or during project management
B13: Template Revision History
B15: SL # | C15: Date | D15: Version # | E15: Details of Change | F15: Reason for Change | G15: Prepared by | H15: Reviewed By | I15: Approved by
B16: 1 | C16: 40451 | D16: 1 | E16: Initial | F16: Nil | G16: Sundar M | H16: SEPG Head | I16: SEPG Head
B17: 2 | C17: 41290 | D17: 1.1 | E17: Logo Change | F17: Nil | G17: Sundar M | H17: SEPG Head | I17: SEPG Head
B18: 3 | C18: 41617 | D18: 1.2 | E18: Template update Data classification is included | F18: Standardization ISMS requirement | G18: Antony Rex M | H18: SEPG Head | I18: SEPG Head
B19: 4 | C19: 41731 | D19: 1.3 | E19: 1.Rev history template is updated | F19: Readiness review observation closure | G19: Antony Rex M | H19: SEPG Head | I19: SEPG Head
B20: 5 | C20: 43416 | D20: 1.4 | E20: Updated Company name | F20: Company reorganization and name change | G20: Shijina Karim | H20: SEPG Head | I20: SEPG Head
B21: 6 | C21: 45006 | D21: 1.5 | E21: Company new logo with trade mark updated | F21: Due to company logo change | G21: Antony Rex M | H21: SEPG Team | I21: SEPG Head
B23: 7 | C23: 45733 | D23: 1.6 | E23: No changes updated | F23: Annual review done | G23: Antony Rex M | H23: SEPG Team | I23: SEPG Head
B25: 8 | C25: 46097 | D25: 1.7 | E25: No changes updated | F25: Annual review done | G25: Antony Rex M | H25: SEPG Team | I25: SEPG Head

Sheet Test summary
A1: Pass | B1: ='Test result'!C1 -> #DIV/0! | C1: Test summary
A2: Fail | B2: ='Test result'!C2 -> #DIV/0!
A3: Blocked | B3: ='Test result'!C3 -> #DIV/0!
A4: Not Run | B4: ='Test result'!C4 -> #DIV/0!
A5: ='Test result'!G5 -> Milestone | B5: ='Test result'!G6 -> Testing Type | C5: ='Test result'!G7 -> Version no | D5: ='Test result'!G8 -> Test Date | E5: ='Test result'!G1 -> Operating system | F5: ='Test result'!G2 -> Language | G5: ='Test result'!G3 -> Browser | H5: ='Test result'!G11 -> %Pass | I5: ='Test result'!G12 -> %Fail | J5: ='Test result'!G13 -> %Blocked | K5: ='Test result'!G14 -> %Not run | L5: Comments
A6: ='Test result'!H5 -> Sprint wise | B6: Unit | C6: ='Test result'!H7 -> 0.1 | D6: ='Test result'!H8 -> 46189 | E6: ='Test result'!H1 -> Windows | F6: ='Test result'!H2 -> English | G6: ='Test result'!H3 -> Chrome | H6: ='Test result'!H11 -> #DIV/0! | I6: ='Test result'!H12 -> #DIV/0! | J6: ='Test result'!H13 -> #DIV/0! | K6: ='Test result'!H14 -> #DIV/0!
A7: ='Test result'!I5 -> Sprint wise | B7: ='Test result'!I6 -> Unit | C7: ='Test result'!I7 -> 1 | D7: ='Test result'!I8 -> 46206 | E7: ='Test result'!I1 -> Windows | F7: ='Test result'!I2 -> English | G7: ='Test result'!I3 -> Chrome | H7: ='Test result'!I11 -> #DIV/0! | I7: ='Test result'!I12 -> #DIV/0! | J7: ='Test result'!I13 -> #DIV/0! | K7: ='Test result'!I14 -> #DIV/0!
A8: ='Test result'!J5 -> 0 | B8: ='Test result'!J6 -> 0 | C8: ='Test result'!J7 -> 0 | D8: ='Test result'!J8 -> 0 | E8: ='Test result'!J1 -> 0 | F8: ='Test result'!J2 -> 0 | G8: ='Test result'!J3 -> 0 | H8: ='Test result'!J11 -> 0 | I8: ='Test result'!J12 -> 0 | J8: ='Test result'!J13 -> 0 | K8: ='Test result'!J14 -> 0
A9: ='Test result'!K5 -> 0 | B9: ='Test result'!K6 -> 0 | C9: ='Test result'!K7 -> 0 | D9: ='Test result'!K8 -> 0 | E9: ='Test result'!K1 -> 0 | F9: ='Test result'!K2 -> 0 | G9: ='Test result'!K3 -> 0 | H9: ='Test result'!K11 -> 0 | I9: ='Test result'!K12 -> 0 | J9: ='Test result'!K13 -> 0 | K9: ='Test result'!K14 -> 0
A10: ='Test result'!L5 -> 0 | B10: ='Test result'!L6 -> 0 | C10: ='Test result'!L7 -> 0 | D10: ='Test result'!L8 -> 0 | E10: ='Test result'!L1 -> 0 | F10: ='Test result'!L2 -> 0 | G10: ='Test result'!L3 -> 0 | H10: ='Test result'!L11 -> 0 | I10: ='Test result'!L12 -> 0 | J10: ='Test result'!L13 -> 0 | K10: ='Test result'!L14 -> 0
A11: ='Test result'!M5 -> 0 | B11: ='Test result'!M6 -> 0 | C11: ='Test result'!M7 -> 0 | D11: ='Test result'!M8 -> 0 | E11: ='Test result'!M1 -> 0 | F11: ='Test result'!M2 -> 0 | G11: ='Test result'!M3 -> 0 | H11: ='Test result'!M11 -> 0 | I11: ='Test result'!M12 -> 0 | J11: ='Test result'!M13 -> 0 | K11: ='Test result'!M14 -> 0
A12: ='Test result'!N5 -> 0 | B12: ='Test result'!N6 -> 0 | C12: ='Test result'!N7 -> 0 | D12: ='Test result'!N8 -> 0 | E12: ='Test result'!N1 -> 0 | F12: ='Test result'!N2 -> 0 | G12: ='Test result'!N3 -> 0 | H12: ='Test result'!N11 -> 0 | I12: ='Test result'!N12 -> 0 | J12: ='Test result'!N13 -> 0 | K12: ='Test result'!N14 -> 0
A13: ='Test result'!O5 -> 0 | B13: ='Test result'!O6 -> 0 | C13: ='Test result'!O7 -> 0 | D13: ='Test result'!O8 -> 0 | E13: ='Test result'!O1 -> 0 | F13: ='Test result'!O2 -> 0 | G13: ='Test result'!O3 -> 0 | H13: ='Test result'!O11 -> 0 | I13: ='Test result'!O12 -> 0 | J13: ='Test result'!O13 -> 0 | K13: ='Test result'!O14 -> 0
A14: ='Test result'!P5 -> 0 | B14: ='Test result'!P6 -> 0 | C14: ='Test result'!P7 -> 0 | D14: ='Test result'!P8 -> 0 | E14: ='Test result'!P1 -> 0 | F14: ='Test result'!P2 -> 0 | G14: ='Test result'!P3 -> 0 | H14: ='Test result'!P11 -> 0 | I14: ='Test result'!P12 -> 0 | J14: ='Test result'!P13 -> 0 | K14: ='Test result'!P14 -> 0
A15: ='Test result'!Q5 -> 0 | B15: ='Test result'!Q6 -> 0 | C15: ='Test result'!Q7 -> 0 | D15: ='Test result'!Q8 -> 0 | E15: ='Test result'!Q1 -> 0 | F15: ='Test result'!Q2 -> 0 | G15: ='Test result'!Q3 -> 0 | H15: ='Test result'!Q11 -> 0 | I15: ='Test result'!Q12 -> 0 | J15: ='Test result'!Q13 -> 0 | K15: ='Test result'!Q14 -> 0
A16: ='Test result'!R5 -> 0 | B16: ='Test result'!R6 -> 0 | C16: ='Test result'!R7 -> 0 | D16: ='Test result'!R8 -> 0 | E16: ='Test result'!R1 -> 0 | F16: ='Test result'!R2 -> 0 | G16: ='Test result'!R3 -> 0 | H16: ='Test result'!R11 -> 0 | I16: ='Test result'!R12 -> 0 | J16: ='Test result'!R13 -> 0 | K16: ='Test result'!R14 -> 0
A17: ='Test result'!S5 -> 0 | B17: ='Test result'!S6 -> 0 | C17: ='Test result'!S7 -> 0 | D17: ='Test result'!S8 -> 0 | E17: ='Test result'!S1 -> 0 | F17: ='Test result'!S2 -> 0 | G17: ='Test result'!S3 -> 0 | H17: ='Test result'!S11 -> 0 | I17: ='Test result'!S12 -> 0 | J17: ='Test result'!S13 -> 0 | K17: ='Test result'!S14 -> 0
A18: ='Test result'!T5 -> 0 | B18: ='Test result'!T6 -> 0 | C18: ='Test result'!T7 -> 0 | D18: ='Test result'!T8 -> 0 | E18: ='Test result'!T1 -> 0 | F18: ='Test result'!T2 -> 0 | G18: ='Test result'!T3 -> 0 | H18: ='Test result'!T11 -> 0 | I18: ='Test result'!T12 -> 0 | J18: ='Test result'!T13 -> 0 | K18: ='Test result'!T14 -> 0
A19: ='Test result'!U5 -> 0 | B19: ='Test result'!U6 -> 0 | C19: ='Test result'!U7 -> 0 | D19: ='Test result'!U8 -> 0 | E19: ='Test result'!U1 -> 0 | F19: ='Test result'!U2 -> 0 | G19: ='Test result'!U3 -> 0 | H19: ='Test result'!U11 -> 0 | I19: ='Test result'!U12 -> 0 | J19: ='Test result'!U13 -> 0 | K19: ='Test result'!U14 -> 0
A20: ='Test result'!V5 -> 0 | B20: ='Test result'!V6 -> 0 | C20: ='Test result'!V7 -> 0 | D20: ='Test result'!V8 -> 0 | E20: ='Test result'!V1 -> 0 | F20: ='Test result'!V2 -> 0 | G20: ='Test result'!V3 -> 0 | H20: ='Test result'!V11 -> 0 | I20: ='Test result'!V12 -> 0 | J20: ='Test result'!V13 -> 0 | K20: ='Test result'!V14 -> 0
A21: ='Test result'!W5 -> 0 | B21: ='Test result'!W6 -> 0 | C21: ='Test result'!W7 -> 0 | D21: ='Test result'!W8 -> 0 | E21: ='Test result'!W1 -> 0 | F21: ='Test result'!W2 -> 0 | G21: ='Test result'!W3 -> 0 | H21: ='Test result'!W11 -> 0 | I21: ='Test result'!W12 -> 0 | J21: ='Test result'!W13 -> 0 | K21: ='Test result'!W14 -> 0
A22: ='Test result'!X5 -> 0 | B22: ='Test result'!X6 -> 0 | C22: ='Test result'!X7 -> 0 | D22: ='Test result'!X8 -> 0 | E22: ='Test result'!X1 -> 0 | F22: ='Test result'!X2 -> 0 | G22: ='Test result'!X3 -> 0 | H22: ='Test result'!X11 -> 0 | I22: ='Test result'!X12 -> 0 | J22: ='Test result'!X13 -> 0 | K22: ='Test result'!X14 -> 0
A23: ='Test result'!Y5 -> 0 | B23: ='Test result'!Y6 -> 0 | C23: ='Test result'!Y7 -> 0 | D23: ='Test result'!Y8 -> 0 | E23: ='Test result'!Y1 -> 0 | F23: ='Test result'!Y2 -> 0 | G23: ='Test result'!Y3 -> 0 | H23: ='Test result'!Y11 -> 0 | I23: ='Test result'!Y12 -> 0 | J23: ='Test result'!Y13 -> 0 | K23: ='Test result'!Y14 -> 0
A24: ='Test result'!Z5 -> 0 | B24: ='Test result'!Z6 -> 0 | C24: ='Test result'!Z7 -> 0 | D24: ='Test result'!Z8 -> 0 | E24: ='Test result'!Z1 -> 0 | F24: ='Test result'!Z2 -> 0 | G24: ='Test result'!Z3 -> 0 | H24: ='Test result'!Z11 -> 0 | I24: ='Test result'!Z12 -> 0 | J24: ='Test result'!Z13 -> 0 | K24: ='Test result'!Z14 -> 0
A25: ='Test result'!AA5 -> 0 | B25: ='Test result'!AA6 -> 0 | C25: ='Test result'!AA7 -> 0 | D25: ='Test result'!AA8 -> 0 | E25: ='Test result'!AA1 -> 0 | F25: ='Test result'!AA2 -> 0 | G25: ='Test result'!AA3 -> 0 | H25: ='Test result'!AA11 -> 0 | I25: ='Test result'!AA12 -> 0 | J25: ='Test result'!AA13 -> 0 | K25: ='Test result'!AA14 -> 0
A26: ='Test result'!AB5 -> 0 | B26: ='Test result'!AB6 -> 0 | C26: ='Test result'!AB7 -> 0 | D26: ='Test result'!AB8 -> 0 | E26: ='Test result'!AB1 -> 0 | F26: ='Test result'!AB2 -> 0 | G26: ='Test result'!AB3 -> 0 | H26: ='Test result'!AB11 -> 0 | I26: ='Test result'!AB12 -> 0 | J26: ='Test result'!AB13 -> 0 | K26: ='Test result'!AB14 -> 0
A27: ='Test result'!AC5 -> 0 | B27: ='Test result'!AC6 -> 0 | C27: ='Test result'!AC7 -> 0 | D27: ='Test result'!AC8 -> 0 | E27: ='Test result'!AC1 -> 0 | F27: ='Test result'!AC2 -> 0 | G27: ='Test result'!AC3 -> 0 | H27: ='Test result'!AC11 -> 0 | I27: ='Test result'!AC12 -> 0 | J27: ='Test result'!AC13 -> 0 | K27: ='Test result'!AC14 -> 0
A28: ='Test result'!AD5 -> 0 | B28: ='Test result'!AD6 -> 0 | C28: ='Test result'!AD7 -> 0 | D28: ='Test result'!AD8 -> 0 | E28: ='Test result'!AD1 -> 0 | F28: ='Test result'!AD2 -> 0 | G28: ='Test result'!AD3 -> 0 | H28: ='Test result'!AD11 -> 0 | I28: ='Test result'!AD12 -> 0 | J28: ='Test result'!AD13 -> 0 | K28: ='Test result'!AD14 -> 0
A29: ='Test result'!AE5 -> 0 | B29: ='Test result'!AE6 -> 0 | C29: ='Test result'!AE7 -> 0 | D29: ='Test result'!AE8 -> 0 | E29: ='Test result'!AE1 -> 0 | F29: ='Test result'!AE2 -> 0 | G29: ='Test result'!AE3 -> 0 | H29: ='Test result'!AE11 -> 0 | I29: ='Test result'!AE12 -> 0 | J29: ='Test result'!AE13 -> 0 | K29: ='Test result'!AE14 -> 0
A30: ='Test result'!AF5 -> 0 | B30: ='Test result'!AF6 -> 0 | C30: ='Test result'!AF7 -> 0 | D30: ='Test result'!AF8 -> 0 | E30: ='Test result'!AF1 -> 0 | F30: ='Test result'!AF2 -> 0 | G30: ='Test result'!AF3 -> 0 | H30: ='Test result'!AF11 -> 0 | I30: ='Test result'!AF12 -> 0 | J30: ='Test result'!AF13 -> 0 | K30: ='Test result'!AF14 -> 0
A31: ='Test result'!AG5 -> 0 | B31: ='Test result'!AG6 -> 0 | C31: ='Test result'!AG7 -> 0 | D31: ='Test result'!AG8 -> 0 | E31: ='Test result'!AG1 -> 0 | F31: ='Test result'!AG2 -> 0 | G31: ='Test result'!AG3 -> 0 | H31: ='Test result'!AG11 -> 0 | I31: ='Test result'!AG12 -> 0 | J31: ='Test result'!AG13 -> 0 | K31: ='Test result'!AG14 -> 0
A32: ='Test result'!AH5 -> 0 | B32: ='Test result'!AH6 -> 0 | C32: ='Test result'!AH7 -> 0 | D32: ='Test result'!AH8 -> 0 | E32: ='Test result'!AH1 -> 0 | F32: ='Test result'!AH2 -> 0 | G32: ='Test result'!AH3 -> 0 | H32: ='Test result'!AH11 -> 0 | I32: ='Test result'!AH12 -> 0 | J32: ='Test result'!AH13 -> 0 | K32: ='Test result'!AH14 -> 0
A33: ='Test result'!AI5 -> 0 | B33: ='Test result'!AI6 -> 0 | C33: ='Test result'!AI7 -> 0 | D33: ='Test result'!AI8 -> 0 | E33: ='Test result'!AI1 -> 0 | F33: ='Test result'!AI2 -> 0 | G33: ='Test result'!AI3 -> 0 | H33: ='Test result'!AI11 -> 0 | I33: ='Test result'!AI12 -> 0 | J33: ='Test result'!AI13 -> 0 | K33: ='Test result'!AI14 -> 0
K34: ='Test result'!AK14 -> 0

Sheet Test result
B1: Pass | C1: =VLOOKUP("%Pass", G11:AY11, (COUNTA($G$8:$AZ$8)), FALSE) -> #DIV/0! | D1: Project Code | E1: 224655V125260142 | G1: Operating system | H1: Windows | I1: Windows
B2: Fail | C2: =VLOOKUP("%Fail", G12:AY12, (COUNTA($G$8:$AZ$8)), FALSE) -> #DIV/0! | D2: Project Manager | E2: Sriram | G2: Language | H2: English | I2: English
B3: Blocked | C3: =VLOOKUP("%Blocked", G13:AY13, (COUNTA($G$8:$AZ$8)), FALSE) -> #DIV/0! | D3: Project Leader | E3: Manoj | G3: Browser | H3: Chrome | I3: Chrome
B4: Not Run | C4: =VLOOKUP("%Not Run", G14:AY14, (COUNTA($G$8:$AZ$8)), FALSE) -> #DIV/0! | D4: Test Lead | E4: Manoj | G4: Tester | H4: Hari Krishnan | I4: Hari Krishnan
A5: Inspirisys :Confidential | G5: Milestone | H5: Sprint wise | I5: Sprint wise
A6: Project Name | G6: Testing Type | H6: Unit | I6: Unit
G7: Version no | H7: 0.1 | I7: 1
G8: Test Date | H8: 46189 | I8: 46206
G9: Total Hours | H9: 4 | I9: 4
G10: Total Test Cases
G11: %Pass | H11: =COUNTIF(H21:H33,"=Pass")/COUNTA(H21:H32) -> #DIV/0! | I11: =COUNTIF(I21:I33,"=Pass")/SUM(I15:I18) -> #DIV/0!
G12: %Fail | H12: =COUNTIF(H21:H33,"=Fail")/COUNTA(H21:H32) -> #DIV/0! | I12: =COUNTIF(I21:I33,"=Fail")/COUNTA(I21:I32) -> #DIV/0! | J12: =COUNTIF(J21:J33,"=Fail")/ROWS(J22:J33) -> 0 | K12: =COUNTIF(K21:K33,"=Fail")/ROWS(K22:K33) -> 0 | L12: =COUNTIF(L21:L33,"=Fail")/ROWS(L22:L33) -> 0 | M12: =COUNTIF(M21:M33,"=Fail")/ROWS(M22:M33) -> 0 | N12: =COUNTIF(N21:N33,"=Fail")/ROWS(N22:N33) -> 0 | O12: =COUNTIF(O21:O33,"=Fail")/ROWS(O22:O33) -> 0 | P12: =COUNTIF(P21:P33,"=Fail")/ROWS(P22:P33) -> 0 | Q12: =COUNTIF(Q21:Q33,"=Fail")/ROWS(Q22:Q33) -> 0 | ... AI12: =COUNTIF(AI21:AI33,"=Fail")/ROWS(AI22:AI33) -> 0
G13: %Blocked | H13: =COUNTIF(H21:H33,"=Blocked")/COUNTA(H21:H32) -> #DIV/0! | I13: =COUNTIF(I21:I33,"=Blocked")/COUNTA(I21:I32) -> #DIV/0! | J13: =COUNTIF(J21:J33,"=Blocked")/ROWS(J22:J33) -> 0 | K13: =COUNTIF(K21:K33,"=Blocked")/ROWS(K22:K33) -> 0 | L13: =COUNTIF(L21:L33,"=Blocked")/ROWS(L22:L33) -> 0 | M13: =COUNTIF(M21:M33,"=Blocked")/ROWS(M22:M33) -> 0 | N13: =COUNTIF(N21:N33,"=Blocked")/ROWS(N22:N33) -> 0 | O13: =COUNTIF(O21:O33,"=Blocked")/ROWS(O22:O33) -> 0 | P13: =COUNTIF(P21:P33,"=Blocked")/ROWS(P22:P33) -> 0 | Q13: =COUNTIF(Q21:Q33,"=Blocked")/ROWS(Q22:Q33) -> 0 | ... AI13: =COUNTIF(AI21:AI33,"=Blocked")/ROWS(AI22:AI33) -> 0
G14: %Not run | H14: =COUNTIF(H21:H33,"=Not Run")/COUNTA(H21:H32) -> #DIV/0! | I14: =COUNTIF(I21:I33,"=Not Run")/COUNTA(I21:I32) -> #DIV/0! | J14: =COUNTIF(J21:J33,"=Not Run")/ROWS(J22:J33) -> 0 | K14: =COUNTIF(K21:K33,"=Not Run")/ROWS(K22:K33) -> 0 | L14: =COUNTIF(L21:L33,"=Not Run")/ROWS(L22:L33) -> 0 | M14: =COUNTIF(M21:M33,"=Not Run")/ROWS(M22:M33) -> 0 | N14: =COUNTIF(N21:N33,"=Not Run")/ROWS(N22:N33) -> 0 | O14: =COUNTIF(O21:O33,"=Not Run")/ROWS(O22:O33) -> 0 | P14: =COUNTIF(P21:P33,"=Not Run")/ROWS(P22:P33) -> 0 | Q14: =COUNTIF(Q21:Q33,"=Not Run")/ROWS(Q22:Q33) -> 0 | ... AI14: =COUNTIF(AI21:AI33,"=Not Run")/ROWS(AI22:AI33) -> 0
G15: Pass | H15: =COUNTIF(H21:H33, "=Pass") -> 0 | I15: =COUNTIF(I21:I33, "=Pass") -> 0 | J15: =COUNTIF(J21:J33, "=Pass") -> 0 | K15: =COUNTIF(K21:K33, "=Pass") -> 0 | L15: =COUNTIF(L21:L33, "=Pass") -> 0 | M15: =COUNTIF(M21:M33, "=Pass") -> 0 | N15: =COUNTIF(N21:N33, "=Pass") -> 0 | O15: =COUNTIF(O21:O33, "=Pass") -> 0 | ... AI15: =COUNTIF(AI21:AI33, "=Pass") -> 0
G16: Fail | H16: =COUNTIF(H21:H33, "=Fail") -> 0 | I16: =COUNTIF(I21:I33, "=Fail") -> 0 | J16: =COUNTIF(J21:J33, "=Fail") -> 0 | K16: =COUNTIF(K21:K33, "=Fail") -> 0 | L16: =COUNTIF(L21:L33, "=Fail") -> 0 | M16: =COUNTIF(M21:M33, "=Fail") -> 0 | N16: =COUNTIF(N21:N33, "=Fail") -> 0 | O16: =COUNTIF(O21:O33, "=Fail") -> 0 | ... AI16: =COUNTIF(AI21:AI33, "=Fail") -> 0
G17: Blocked | H17: =COUNTIF(H21:H33, "=Blocked") -> 0 | I17: =COUNTIF(I21:I33, "=Blocked") -> 0 | J17: =COUNTIF(J21:J33, "=Blocked") -> 0 | K17: =COUNTIF(K21:K33, "=Blocked") -> 0 | L17: =COUNTIF(L21:L33, "=Blocked") -> 0 | M17: =COUNTIF(M21:M33, "=Blocked") -> 0 | N17: =COUNTIF(N21:N33, "=Blocked") -> 0 | O17: =COUNTIF(O21:O33, "=Blocked") -> 0 | ... AI17: =COUNTIF(AI21:AI33, "=Blocked") -> 0
G18: Not Run | H18: =COUNTIF(H21:H33, "=Not Run") -> 0 | I18: =COUNTIF(I21:I33, "=Not Run") -> 0 | J18: =COUNTIF(J21:J33, "=Not Run") -> 0 | K18: =COUNTIF(K21:K33, "=Not Run") -> 0 | L18: =COUNTIF(L21:L33, "=Not Run") -> 0 | M18: =COUNTIF(M21:M33, "=Not Run") -> 0 | N18: =COUNTIF(N21:N33, "=Not Run") -> 0 | O18: =COUNTIF(O21:O33, "=Not Run") -> 0 | ... AI18: =COUNTIF(AI21:AI33, "=Not Run") -> 0
A19: Sl. No. | B19: Function/ Test ID | C19: Objective | D19: Test Procedure / Steps | E19: Expected Result | F19: Actual Result | G19: Defect No Reported | H19: Iteration 1 | I19: Iteration 2
B20: Function 1
A21: 1
A22: 2
A23: 3
A24: 4
A25: 5
A26: 6

Sheet Test environment
A1: Test Conditions
A5: OS | B5: Languages | C5: Browsers | D5: Test Status | E5: Project Managers | F5: Project Leaders | G5: Tester | H5: Test Lead
A6: Windows | B6: English | C6: Chrome | D6: Pass | E6: Sriram | F6: Manoj | G6: Hari Krishnan | H6: Manoj
D7: Fail
D8: Blocked
D9: Not Run
